dataset,num_graphs,num_classes,avg_nodes,median_nodes,max_nodes
MUTAG,188,2,17.930851063829788,17.5,28
PTC_MR,344,2,14.287790697674419,13.0,64
BZR,405,2,35.75061728395062,35.0,57
COX2,467,2,41.224839400428266,41.0,56
PROTEINS,1113,2,39.05750224618149,26.0,620
ENZYMES,600,6,32.63333333333333,32.0,126
IMDB-BINARY,1000,2,19.773,17.0,136
IMDB-MULTI,1500,3,13.001333333333333,10.0,89
NCI1,4110,2,29.8654501216545,27.0,111
REDDIT-BINARY,2000,2,429.627,304.5,3782
